section	offset	size	unit	scope	name	demangled
.text	0x00000000	0x3C	em2b/em2b.cpp	global	_prolog	_prolog
.text	0x0000003C	0x4	em2b/em2b.cpp	global	_epilog	_epilog
.text	0x00000040	0x4	em2b/em2b.cpp	global	_unresolved	_unresolved
.text	0x00000044	0x38	em2b/em2b.cpp	global	Em2bInit__FP3cEm	Em2bInit
.text	0x0000007C	0x120	em2b/em2b.cpp	global	_._5cEm2b	cEm2b::~cEm2b
.text	0x0000019C	0x1B8	em2b/em2b.cpp	global	setNoSuspend__5cEm2bi	cEm2b::setNoSuspend
.text	0x00000354	0x5DC	em2b/em2b.cpp	global	em2bDmCk__FP5cEm2b	em2bDmCk
.text	0x00000930	0x4FC	em2b/em2b.cpp	global	move__5cEm2b	cEm2b::move
.text	0x00000E2C	0x7FC	em2b/em2b.cpp	local	em2b_R0_Init__FP5cEm2b	em2b_R0_Init
.text	0x00001628	0x38	em2b/em2b.cpp	local	em2b_R0_Move__FP5cEm2b	em2b_R0_Move
.text	0x00001660	0x220	em2b/em2b.cpp	local	em2b_R1_Wait__FP5cEm2b	em2b_R1_Wait
.text	0x00001880	0xD0	em2b/em2b.cpp	local	em2b_R1_FromEvent__FP5cEm2b	em2b_R1_FromEvent
.text	0x00001950	0xB0	em2b/em2b.cpp	local	em2b_R1_R11E_Appear__FP5cEm2b	em2b_R1_R11E_Appear
.text	0x00001A00	0xB8	em2b/em2b.cpp	local	em2b_R1_R224_CageWait__FP5cEm2b	em2b_R1_R224_CageWait
.text	0x00001AB8	0x690	em2b/em2b.cpp	local	em2b_R1_Walk__FP5cEm2b	em2b_R1_Walk
.text	0x00002148	0x13C	em2b/em2b.cpp	local	em2b_R1_Turn180__FP5cEm2b	em2b_R1_Turn180
.text	0x00002284	0xCC	em2b/em2b.cpp	local	em2b_R1_Threat__FP5cEm2b	em2b_R1_Threat
.text	0x00002350	0x52C	em2b/em2b.cpp	local	em2b_R1_Stamp__FP5cEm2b	em2b_R1_Stamp
.text	0x0000287C	0x2EC	em2b/em2b.cpp	local	em2b_R1_Punch__FP5cEm2b	em2b_R1_Punch
.text	0x00002B68	0x310	em2b/em2b.cpp	local	em2b_R1_Hook__FP5cEm2b	em2b_R1_Hook
.text	0x00002E78	0x344	em2b/em2b.cpp	local	em2b_R1_UpperCut__FP5cEm2b	em2b_R1_UpperCut
.text	0x000031BC	0x548	em2b/em2b.cpp	local	em2b_R1_Kick__FP5cEm2b	em2b_R1_Kick
.text	0x00003704	0x5E4	em2b/em2b.cpp	local	em2b_R1_DashAtk__FP5cEm2b	em2b_R1_DashAtk
.text	0x00003CE8	0x990	em2b/em2b.cpp	local	em2b_R1_HouseBreak__FP5cEm2b	em2b_R1_HouseBreak
.text	0x00004678	0x28C	em2b/em2b.cpp	local	em2b_R1_ScrollBreak__FP5cEm2b	em2b_R1_ScrollBreak
.text	0x00004904	0x318	em2b/em2b.cpp	local	em2b_R1_GetTree__FP5cEm2b	em2b_R1_GetTree
.text	0x00004C1C	0x3E4	em2b/em2b.cpp	local	em2b_R1_TreeAtk__FP5cEm2b	em2b_R1_TreeAtk
.text	0x00005000	0x150	em2b/em2b.cpp	local	em2b_R1_GetRock__FP5cEm2b	em2b_R1_GetRock
.text	0x00005150	0x1E0	em2b/em2b.cpp	local	em2b_R1_ThrowRock__FP5cEm2b	em2b_R1_ThrowRock
.text	0x00005330	0x40C	em2b/em2b.cpp	local	em2b_R1_Catch__FP5cEm2b	em2b_R1_Catch
.text	0x0000573C	0x4F8	em2b/em2b.cpp	local	em2b_R1_Strangle__FP5cEm2b	em2b_R1_Strangle
.text	0x00005C34	0x1FC	em2b/em2b.cpp	local	plem2b_CatchHand__FP7cPlayer	plem2b_CatchHand
.text	0x00005E30	0x524	em2b/em2b.cpp	local	plem2b_Strangle__FP7cPlayer	plem2b_Strangle
.text	0x00006354	0x2F8	em2b/em2b.cpp	local	em2b_R1_SubCatch__FP5cEm2b	em2b_R1_SubCatch
.text	0x0000664C	0x1E0	em2b/em2b.cpp	local	subem2b_CatchHand__FP8cSubChar	subem2b_CatchHand
.text	0x0000682C	0x21C	em2b/em2b.cpp	local	subem2b_Catch__FP8cSubChar	subem2b_Catch
.text	0x00006A48	0x140	em2b/em2b.cpp	local	subem2b_CatchEnd__FP8cSubChar	subem2b_CatchEnd
.text	0x00006B88	0x178	em2b/em2b.cpp	local	em2b_R1_BaseAtk__FP5cEm2b	em2b_R1_BaseAtk
.text	0x00006D00	0x414	em2b/em2b.cpp	local	em2b_R1_HoleAtk__FP5cEm2b	em2b_R1_HoleAtk
.text	0x00007114	0xBC	em2b/em2b.cpp	global	em2bPlFallCK__FP5cEm2b	em2bPlFallCK
.text	0x000071D0	0x2E0	em2b/em2b.cpp	local	plem2bDmFall__FP7cPlayer	plem2bDmFall
.text	0x000074B0	0x48	em2b/em2b.cpp	local	em2b_R0_Damage__FP5cEm2b	em2b_R0_Damage
.text	0x000074F8	0x52C	em2b/em2b.cpp	local	em2b_R1_Dm_Face__FP5cEm2b	em2b_R1_Dm_Face
.text	0x00007A24	0x250	em2b/em2b.cpp	local	em2b_R1_Dm_Tree__FP5cEm2b	em2b_R1_Dm_Tree
.text	0x00007C74	0x60	em2b/em2b.cpp	local	em2bSetActAtkParasite__FP5cEm2b	em2bSetActAtkParasite
.text	0x00007CD4	0x924	em2b/em2b.cpp	local	em2b_R1_Dm_Parasite__FP5cEm2b	em2b_R1_Dm_Parasite
.text	0x000085F8	0x1A4	em2b/em2b.cpp	local	em2b_R1_Dm_Parasite2__FP5cEm2b	em2b_R1_Dm_Parasite2
.text	0x0000879C	0xCAC	em2b/em2b.cpp	local	plem2b_AtkParasite__FP7cPlayer	plem2b_AtkParasite
.text	0x00009448	0x180	em2b/em2b.cpp	global	em2bParasiteAtkCamMove__FP5cEm2b	em2bParasiteAtkCamMove
.text	0x000095C8	0x10C	em2b/em2b.cpp	local	em2b_R1_Dm_Rock__FP5cEm2b	em2b_R1_Dm_Rock
.text	0x000096D4	0x14C	em2b/em2b.cpp	local	em2b_R1_Dm_Flash__FP5cEm2b	em2b_R1_Dm_Flash
.text	0x00009820	0x14C	em2b/em2b.cpp	local	em2b_R1_Dm_Bomb__FP5cEm2b	em2b_R1_Dm_Bomb
.text	0x0000996C	0x48	em2b/em2b.cpp	local	em2b_R0_Die__FP5cEm2b	em2b_R0_Die
.text	0x000099B4	0x244	em2b/em2b.cpp	local	em2b_R1_Die_Normal__FP5cEm2b	em2b_R1_Die_Normal
.text	0x00009BF8	0x1E0	em2b/em2b.cpp	local	em2b_R1_Die_Lost__FP5cEm2b	em2b_R1_Die_Lost
.text	0x00009DD8	0x19C	em2b/em2b.cpp	local	em2b_R1_Die_Event__FP5cEm2b	em2b_R1_Die_Event
.text	0x00009F74	0x1A0	em2b/em2b.cpp	local	em2b_R1_Die_R224Drop__FP5cEm2b	em2b_R1_Die_R224Drop
.text	0x0000A114	0x5AC	em2b/em2b.cpp	global	em2bRouteCk__FP5cEm2b	em2bRouteCk
.text	0x0000A6C0	0x144	em2b/em2b.cpp	global	em2bNeckMove__FP5cEm2b	em2bNeckMove
.text	0x0000A804	0x100	em2b/em2b.cpp	global	em2bBlendMotSet__FP5cEm2bPvN21iiiUs	em2bBlendMotSet
.text	0x0000A904	0x114	em2b/em2b.cpp	global	em2bClothSet__FP5cEm2b	em2bClothSet
.text	0x0000AA18	0x30	em2b/em2b.cpp	global	em2bClothMove__FP5cEm2b	em2bClothMove
.text	0x0000AA48	0x228	em2b/em2b.cpp	global	em2bAtkCk__FP5cEm2bP3VecT1i	em2bAtkCk
.text	0x0000AC70	0x128	em2b/em2b.cpp	local	plem2b_dm_Stamp__FP7cPlayer	plem2b_dm_Stamp
.text	0x0000AD98	0xAC	em2b/em2b.cpp	local	subem2b_dm_Stamp__FP8cSubChar	subem2b_dm_Stamp
.text	0x0000AE44	0x18C	em2b/em2b.cpp	local	plem2b_dm_BlowKick__FP7cPlayer	plem2b_dm_BlowKick
.text	0x0000AFD0	0x30	em2b/em2b.cpp	local	em2bDashEscapeAction__FP5cEm2b	em2bDashEscapeAction
.text	0x0000B000	0x2DC	em2b/em2b.cpp	local	plem2bDashEscape__FP7cPlayer	plem2bDashEscape
.text	0x0000B2DC	0x264	em2b/em2b.cpp	global	em2bEscapeCamMove__FP5cEm2b	em2bEscapeCamMove
.text	0x0000B540	0x178	em2b/em2b.cpp	global	em2bFootSe__FP5cEm2b	em2bFootSe
.text	0x0000B6B8	0x40	em2b/em2b.cpp	global	em2bFtChgCk__FP5cEm2b	em2bFtChgCk
.text	0x0000B6F8	0xCC	em2b/em2b.cpp	global	em2bQuakeSet__FP3Vec	em2bQuakeSet
.text	0x0000B7C4	0x188	em2b/em2b.cpp	global	em2bShortRopeSet__FP5cEm2b	em2bShortRopeSet
.text	0x0000B94C	0x30C	em2b/em2b.cpp	global	em2bChainSet__FP5cEm2b	em2bChainSet
.text	0x0000BC58	0xCC	em2b/em2b.cpp	global	em2bPlInHouseCk__FP5cEm2b	em2bPlInHouseCk
.text	0x0000BD24	0x1FC	em2b/em2b.cpp	global	em2bSearchTree__FP5cEm2b	em2bSearchTree
.text	0x0000BF20	0x100	em2b/em2b.cpp	global	em2bGetTreeCk__FP5cEm2b	em2bGetTreeCk
.text	0x0000C020	0x1E4	em2b/em2b.cpp	global	em2bSearchRockCk__FP5cEm2b	em2bSearchRockCk
.text	0x0000C204	0x100	em2b/em2b.cpp	global	em2bGetRockCk__FP5cEm2b	em2bGetRockCk
.text	0x0000C304	0x258	em2b/em2b.cpp	global	em2bTreeAtkCk__FP5cEm2b	em2bTreeAtkCk
.text	0x0000C55C	0x2C4	em2b/em2b.cpp	global	em2bTreeAtkScrCk__FP5cEm2b	em2bTreeAtkScrCk
.text	0x0000C820	0x340	em2b/em2b.cpp	global	em2bDashScrCk__FP5cEm2bP3Vecf	em2bDashScrCk
.text	0x0000CB60	0x1F8	em2b/em2b.cpp	global	em2bR11eScrBrkCk__FP5cEm2b	em2bR11eScrBrkCk
.text	0x0000CD58	0xF8	em2b/em2b.cpp	global	em2bR11eScrBrkCk2__FP5cEm2bP3Vecf	em2bR11eScrBrkCk2
.text	0x0000CE50	0x23C	em2b/em2b.cpp	global	em2bPlBlowAtkScrCk__FP7cPlayer	em2bPlBlowAtkScrCk
.text	0x0000D08C	0x30	em2b/em2b.cpp	local	em2bEscapeAction__FP5cEm2b	em2bEscapeAction
.text	0x0000D0BC	0x150	em2b/em2b.cpp	local	plem2bEscapeTree__FP7cPlayer	plem2bEscapeTree
.text	0x0000D20C	0x2F4	em2b/em2b.cpp	local	plem2bDmBlow__FP7cPlayer	plem2bDmBlow
.text	0x0000D500	0xF4	em2b/em2b.cpp	global	em2bBlowCamMove__FP5cEm2bf	em2bBlowCamMove
.text	0x0000D5F4	0x11C	em2b/em2b.cpp	global	em2bStampCamMove__FP5cEm2b	em2bStampCamMove
.text	0x0000D710	0x144	em2b/em2b.cpp	global	setPos__5cEm2bP3Vecf	cEm2b::setPos
.text	0x0000D854	0xCC	em2b/em2b.cpp	global	plBlendMotSet__FP7cPlayerPvT1ii	plBlendMotSet
.text	0x0000D920	0x98	em2b/em2b.cpp	global	setEventDie__5cEm2b	cEm2b::setEventDie
.text	0x0000D9B8	0x8	em2b/em2b.cpp	global	em2bStaggerCk__FP5cEm2bP3Vec	em2bStaggerCk
.text	0x0000D9C0	0xA4	em2b/em2b.cpp	global	em2bSearchDog__FP5cEm2b	em2bSearchDog
.text	0x0000DA64	0x898	em2b/em2b.cpp	global	em2bAtkRtnCk__FP5cEm2b	em2bAtkRtnCk
.text	0x0000E2FC	0x3D0	em2b/em2b.cpp	global	em2bAtkRtnCkDebug__FP5cEm2b	em2bAtkRtnCkDebug
.text	0x0000E6CC	0x160	em2b/em2b.cpp	global	em2bNextRtnSet__FP5cEm2b	em2bNextRtnSet
.text	0x0000E82C	0xB8	em2b/em2b.cpp	global	em2bInScreenCk__FP5cEm2b	em2bInScreenCk
.text	0x0000E8E4	0xB0	em2b/em2b.cpp	global	em2bPlDashEscapeCk__FP5cEm2b	em2bPlDashEscapeCk
.text	0x0000E994	0xFC	em2b/em2b.cpp	global	em2bPlRunCk__FP5cEm2b	em2bPlRunCk
.text	0x0000EA90	0x150	em2b/em2b.cpp	global	em2bPressPlCk__FP5cEm2b	em2bPressPlCk
.text	0x0000EBE0	0x154	em2b/em2b.cpp	global	em2bPressSubCk__FP5cEm2b	em2bPressSubCk
.text	0x0000ED34	0x1C0	em2b/em2b.cpp	global	em2bCatchPosSet__FP5cEm2b	em2bCatchPosSet
.text	0x0000EEF4	0x51C	em2b/em2b.cpp	global	em2bSetTentacle__FP5cEm2bi	em2bSetTentacle
.text	0x0000F410	0xBC	em2b/em2b.cpp	global	em2bSetDmVal__FP5cEm2b	em2bSetDmVal
.text	0x0000F4CC	0x13C	em2b/em2b.cpp	global	em2bStayCk__FP5cEm2b	em2bStayCk
.text	0x0000F608	0x184	em2b/em2b.cpp	global	em2bObaHitCk__FP5cEm2b	em2bObaHitCk
.text	0x0000F78C	0x18	em2b/em2b.cpp	global	ckParasite__5cEm2b	cEm2b::ckParasite
.text	0x0000F7A4	0xA8	em2b/em2b.cpp	global	em2bScaleCompress__FP5cEm2b	em2bScaleCompress
.text	0x0000F84C	0xB4	em2b/em2b.cpp	global	em2bFriendCk__FP5cEm2b	em2bFriendCk
.text	0x0000F900	0x1BC	em2b/em2b.cpp	global	ckR224Drop__5cEm2b	cEm2b::ckR224Drop
.text	0x0000FABC	0xB4	em2b/em2b.cpp	global	em2bYaguraSearch__FP5cEm2b	em2bYaguraSearch
.text	0x0000FB70	0xBC	em2b/em2b.cpp	global	em2bTexrenderInit__FP5cEm2b	em2bTexrenderInit
.text	0x0000FC2C	0x18	em2b/em2b.cpp	global	ckSit__5cEm2b	cEm2b::ckSit
.text	0x0000FC44	0xBC	em2b/em2b.cpp	global	countActiveWork__t8cManager1Z4cObj	cManager<cObj>::countActiveWork
.text	0x0000FD00	0x158	em2b/em2b.cpp	global	create__t8cManager1Z4cObji	cManager<cObj>::create
.text	0x0000FE58	0x48	em2b/em2b.cpp	global	_._5cUnit	cUnit::~cUnit
.text	0x0000FEA0	0x4	em2b/em2b.cpp	global	beginEvent__5cUnit	cUnit::beginEvent
.text	0x0000FEA4	0x4	em2b/em2b.cpp	global	endEvent__5cUnit	cUnit::endEvent
.text	0x0000FEA8	0x4	em2b/em2b.cpp	global	__dl__5cUnitPvUi	cUnit::operator delete
.rodata	0x000000AC	0x10	em2b/em2b.cpp	local	lbl_em2b_rodata_AC	lbl_em2b_rodata_AC
.rodata	0x000000BC	0x4	em2b/em2b.cpp	local	lbl_em2b_rodata_BC	lbl_em2b_rodata_BC
.rodata	0x000000C0	0x10	em2b/em2b.cpp	local	lbl_em2b_rodata_C0	lbl_em2b_rodata_C0
.rodata	0x000000D0	0x10	em2b/em2b.cpp	local	lbl_em2b_rodata_D0	lbl_em2b_rodata_D0
.rodata	0x000000E0	0x10	em2b/em2b.cpp	local	lbl_em2b_rodata_E0	lbl_em2b_rodata_E0
.rodata	0x000000F0	0x10	em2b/em2b.cpp	local	lbl_em2b_rodata_F0	lbl_em2b_rodata_F0
.rodata	0x00000100	0x10	em2b/em2b.cpp	local	lbl_em2b_rodata_100	lbl_em2b_rodata_100
.rodata	0x00000110	0x10	em2b/em2b.cpp	local	lbl_em2b_rodata_110	lbl_em2b_rodata_110
.rodata	0x00000120	0x4	em2b/em2b.cpp	local	lbl_em2b_rodata_120	lbl_em2b_rodata_120
.rodata	0x00000124	0x4	em2b/em2b.cpp	local	lbl_em2b_rodata_124	lbl_em2b_rodata_124
.rodata	0x00000128	0x20	em2b/em2b.cpp	local	lbl_em2b_rodata_128	lbl_em2b_rodata_128
.rodata	0x00000148	0x20	em2b/em2b.cpp	local	lbl_em2b_rodata_148	lbl_em2b_rodata_148
.rodata	0x00000168	0x20	em2b/em2b.cpp	local	lbl_em2b_rodata_168	lbl_em2b_rodata_168
.rodata	0x00000188	0xC	em2b/em2b.cpp	local	lbl_em2b_rodata_188	lbl_em2b_rodata_188
.rodata	0x00000194	0xC	em2b/em2b.cpp	local	lbl_em2b_rodata_194	lbl_em2b_rodata_194
.rodata	0x000001A0	0x4	em2b/em2b.cpp	local	lbl_em2b_rodata_1A0	lbl_em2b_rodata_1A0
.rodata	0x000001A4	0x4	em2b/em2b.cpp	local	lbl_em2b_rodata_1A4	lbl_em2b_rodata_1A4
.rodata	0x000001A8	0x4	em2b/em2b.cpp	local	lbl_em2b_rodata_1A8	lbl_em2b_rodata_1A8
.rodata	0x000001AC	0x4	em2b/em2b.cpp	local	lbl_em2b_rodata_1AC	lbl_em2b_rodata_1AC
.rodata	0x000001B0	0x4	em2b/em2b.cpp	local	lbl_em2b_rodata_1B0	lbl_em2b_rodata_1B0
.rodata	0x000001B4	0x4	em2b/em2b.cpp	local	lbl_em2b_rodata_1B4	lbl_em2b_rodata_1B4
.rodata	0x000001B8	0x4	em2b/em2b.cpp	local	lbl_em2b_rodata_1B8	lbl_em2b_rodata_1B8
.rodata	0x000001BC	0x4	em2b/em2b.cpp	local	lbl_em2b_rodata_1BC	lbl_em2b_rodata_1BC
.rodata	0x000001C0	0x4	em2b/em2b.cpp	local	lbl_em2b_rodata_1C0	lbl_em2b_rodata_1C0
.rodata	0x000001C4	0x4	em2b/em2b.cpp	local	lbl_em2b_rodata_1C4	lbl_em2b_rodata_1C4
.rodata	0x000001C8	0x4	em2b/em2b.cpp	local	lbl_em2b_rodata_1C8	lbl_em2b_rodata_1C8
.rodata	0x000001CC	0x4	em2b/em2b.cpp	local	lbl_em2b_rodata_1CC	lbl_em2b_rodata_1CC
.rodata	0x000001D0	0x4	em2b/em2b.cpp	local	lbl_em2b_rodata_1D0	lbl_em2b_rodata_1D0
.rodata	0x000001D4	0x4	em2b/em2b.cpp	local	lbl_em2b_rodata_1D4	lbl_em2b_rodata_1D4
.rodata	0x000001D8	0x4	em2b/em2b.cpp	local	lbl_em2b_rodata_1D8	lbl_em2b_rodata_1D8
.rodata	0x000001DC	0x4	em2b/em2b.cpp	local	lbl_em2b_rodata_1DC	lbl_em2b_rodata_1DC
.rodata	0x000001E0	0x4	em2b/em2b.cpp	local	lbl_em2b_rodata_1E0	lbl_em2b_rodata_1E0
.rodata	0x000001E4	0x4	em2b/em2b.cpp	local	lbl_em2b_rodata_1E4	lbl_em2b_rodata_1E4
.rodata	0x000001E8	0x4	em2b/em2b.cpp	local	lbl_em2b_rodata_1E8	lbl_em2b_rodata_1E8
.rodata	0x000001EC	0x4	em2b/em2b.cpp	local	lbl_em2b_rodata_1EC	lbl_em2b_rodata_1EC
.rodata	0x000001F0	0x4	em2b/em2b.cpp	local	lbl_em2b_rodata_1F0	lbl_em2b_rodata_1F0
.rodata	0x000001F4	0x4	em2b/em2b.cpp	local	lbl_em2b_rodata_1F4	lbl_em2b_rodata_1F4
.rodata	0x000001F8	0x4	em2b/em2b.cpp	local	lbl_em2b_rodata_1F8	lbl_em2b_rodata_1F8
.rodata	0x000001FC	0x4	em2b/em2b.cpp	local	lbl_em2b_rodata_1FC	lbl_em2b_rodata_1FC
.rodata	0x00000200	0x4	em2b/em2b.cpp	local	lbl_em2b_rodata_200	lbl_em2b_rodata_200
.rodata	0x00000204	0x4	em2b/em2b.cpp	local	lbl_em2b_rodata_204	lbl_em2b_rodata_204
.rodata	0x00000208	0x4	em2b/em2b.cpp	local	lbl_em2b_rodata_208	lbl_em2b_rodata_208
.rodata	0x0000020C	0x4	em2b/em2b.cpp	local	lbl_em2b_rodata_20C	lbl_em2b_rodata_20C
.rodata	0x00000210	0x4	em2b/em2b.cpp	local	lbl_em2b_rodata_210	lbl_em2b_rodata_210
.rodata	0x00000214	0x4	em2b/em2b.cpp	local	lbl_em2b_rodata_214	lbl_em2b_rodata_214
.rodata	0x00000218	0x4	em2b/em2b.cpp	local	lbl_em2b_rodata_218	lbl_em2b_rodata_218
.rodata	0x0000021C	0x4	em2b/em2b.cpp	local	lbl_em2b_rodata_21C	lbl_em2b_rodata_21C
.rodata	0x00000220	0x4	em2b/em2b.cpp	local	lbl_em2b_rodata_220	lbl_em2b_rodata_220
.rodata	0x00000224	0x4	em2b/em2b.cpp	local	lbl_em2b_rodata_224	lbl_em2b_rodata_224
.rodata	0x00000228	0x4	em2b/em2b.cpp	local	lbl_em2b_rodata_228	lbl_em2b_rodata_228
.rodata	0x0000022C	0x4	em2b/em2b.cpp	local	lbl_em2b_rodata_22C	lbl_em2b_rodata_22C
.rodata	0x00000230	0x4	em2b/em2b.cpp	local	lbl_em2b_rodata_230	lbl_em2b_rodata_230
.rodata	0x00000234	0x4	em2b/em2b.cpp	local	lbl_em2b_rodata_234	lbl_em2b_rodata_234
.rodata	0x00000238	0x4	em2b/em2b.cpp	local	lbl_em2b_rodata_238	lbl_em2b_rodata_238
.rodata	0x0000023C	0x4	em2b/em2b.cpp	local	lbl_em2b_rodata_23C	lbl_em2b_rodata_23C
.rodata	0x00000240	0x4	em2b/em2b.cpp	local	lbl_em2b_rodata_240	lbl_em2b_rodata_240
.rodata	0x00000244	0x4	em2b/em2b.cpp	local	lbl_em2b_rodata_244	lbl_em2b_rodata_244
.rodata	0x00000248	0x4	em2b/em2b.cpp	local	lbl_em2b_rodata_248	lbl_em2b_rodata_248
.rodata	0x0000024C	0x4	em2b/em2b.cpp	local	lbl_em2b_rodata_24C	lbl_em2b_rodata_24C
.rodata	0x00000250	0x4	em2b/em2b.cpp	local	lbl_em2b_rodata_250	lbl_em2b_rodata_250
.rodata	0x00000254	0x4	em2b/em2b.cpp	local	lbl_em2b_rodata_254	lbl_em2b_rodata_254
.rodata	0x00000258	0x4	em2b/em2b.cpp	local	lbl_em2b_rodata_258	lbl_em2b_rodata_258
.rodata	0x0000025C	0x4	em2b/em2b.cpp	local	lbl_em2b_rodata_25C	lbl_em2b_rodata_25C
.rodata	0x00000260	0x4	em2b/em2b.cpp	local	lbl_em2b_rodata_260	lbl_em2b_rodata_260
.rodata	0x00000264	0x4	em2b/em2b.cpp	local	lbl_em2b_rodata_264	lbl_em2b_rodata_264
.rodata	0x00000268	0x4	em2b/em2b.cpp	local	lbl_em2b_rodata_268	lbl_em2b_rodata_268
.rodata	0x0000026C	0x4	em2b/em2b.cpp	local	lbl_em2b_rodata_26C	lbl_em2b_rodata_26C
.rodata	0x00000270	0x4	em2b/em2b.cpp	local	lbl_em2b_rodata_270	lbl_em2b_rodata_270
.rodata	0x00000274	0x4	em2b/em2b.cpp	local	lbl_em2b_rodata_274	lbl_em2b_rodata_274
.rodata	0x00000278	0x4	em2b/em2b.cpp	local	lbl_em2b_rodata_278	lbl_em2b_rodata_278
.rodata	0x0000027C	0x4	em2b/em2b.cpp	local	lbl_em2b_rodata_27C	lbl_em2b_rodata_27C
.rodata	0x00000280	0x4	em2b/em2b.cpp	local	lbl_em2b_rodata_280	lbl_em2b_rodata_280
.rodata	0x00000284	0x4	em2b/em2b.cpp	local	lbl_em2b_rodata_284	lbl_em2b_rodata_284
.rodata	0x00000288	0x4	em2b/em2b.cpp	local	lbl_em2b_rodata_288	lbl_em2b_rodata_288
.rodata	0x0000028C	0x4	em2b/em2b.cpp	local	lbl_em2b_rodata_28C	lbl_em2b_rodata_28C
.rodata	0x00000290	0x4	em2b/em2b.cpp	local	lbl_em2b_rodata_290	lbl_em2b_rodata_290
.rodata	0x00000294	0x4	em2b/em2b.cpp	local	lbl_em2b_rodata_294	lbl_em2b_rodata_294
.rodata	0x00000298	0x4	em2b/em2b.cpp	local	lbl_em2b_rodata_298	lbl_em2b_rodata_298
.rodata	0x0000029C	0x4	em2b/em2b.cpp	local	lbl_em2b_rodata_29C	lbl_em2b_rodata_29C
.rodata	0x000002A0	0x4	em2b/em2b.cpp	local	lbl_em2b_rodata_2A0	lbl_em2b_rodata_2A0
.rodata	0x000002A4	0x4	em2b/em2b.cpp	local	lbl_em2b_rodata_2A4	lbl_em2b_rodata_2A4
.rodata	0x000002A8	0x4	em2b/em2b.cpp	local	lbl_em2b_rodata_2A8	lbl_em2b_rodata_2A8
.rodata	0x000002AC	0x4	em2b/em2b.cpp	local	lbl_em2b_rodata_2AC	lbl_em2b_rodata_2AC
.rodata	0x000002B0	0x4	em2b/em2b.cpp	local	lbl_em2b_rodata_2B0	lbl_em2b_rodata_2B0
.rodata	0x000002B4	0x4	em2b/em2b.cpp	local	lbl_em2b_rodata_2B4	lbl_em2b_rodata_2B4
.rodata	0x000002B8	0x4	em2b/em2b.cpp	local	lbl_em2b_rodata_2B8	lbl_em2b_rodata_2B8
.rodata	0x000002BC	0x4	em2b/em2b.cpp	local	lbl_em2b_rodata_2BC	lbl_em2b_rodata_2BC
.rodata	0x000002C0	0x4	em2b/em2b.cpp	local	lbl_em2b_rodata_2C0	lbl_em2b_rodata_2C0
.rodata	0x000002C4	0x4	em2b/em2b.cpp	local	lbl_em2b_rodata_2C4	lbl_em2b_rodata_2C4
.rodata	0x000002C8	0x4	em2b/em2b.cpp	local	lbl_em2b_rodata_2C8	lbl_em2b_rodata_2C8
.rodata	0x000002CC	0x4	em2b/em2b.cpp	local	lbl_em2b_rodata_2CC	lbl_em2b_rodata_2CC
.rodata	0x000002D0	0x4	em2b/em2b.cpp	local	lbl_em2b_rodata_2D0	lbl_em2b_rodata_2D0
.rodata	0x000002D4	0x4	em2b/em2b.cpp	local	lbl_em2b_rodata_2D4	lbl_em2b_rodata_2D4
.rodata	0x000002D8	0x4	em2b/em2b.cpp	local	lbl_em2b_rodata_2D8	lbl_em2b_rodata_2D8
.rodata	0x000002DC	0x4	em2b/em2b.cpp	local	lbl_em2b_rodata_2DC	lbl_em2b_rodata_2DC
.rodata	0x000002E0	0x4	em2b/em2b.cpp	local	lbl_em2b_rodata_2E0	lbl_em2b_rodata_2E0
.rodata	0x000002E4	0x4	em2b/em2b.cpp	local	lbl_em2b_rodata_2E4	lbl_em2b_rodata_2E4
.rodata	0x000002E8	0x4	em2b/em2b.cpp	local	lbl_em2b_rodata_2E8	lbl_em2b_rodata_2E8
.rodata	0x000002EC	0x4	em2b/em2b.cpp	local	lbl_em2b_rodata_2EC	lbl_em2b_rodata_2EC
.rodata	0x000002F0	0x4	em2b/em2b.cpp	local	lbl_em2b_rodata_2F0	lbl_em2b_rodata_2F0
.rodata	0x000002F4	0x4	em2b/em2b.cpp	local	lbl_em2b_rodata_2F4	lbl_em2b_rodata_2F4
.rodata	0x000002F8	0x4	em2b/em2b.cpp	local	lbl_em2b_rodata_2F8	lbl_em2b_rodata_2F8
.rodata	0x000002FC	0x4	em2b/em2b.cpp	local	lbl_em2b_rodata_2FC	lbl_em2b_rodata_2FC
.rodata	0x00000300	0x4	em2b/em2b.cpp	local	lbl_em2b_rodata_300	lbl_em2b_rodata_300
.rodata	0x00000304	0x4	em2b/em2b.cpp	local	lbl_em2b_rodata_304	lbl_em2b_rodata_304
.rodata	0x00000308	0x4	em2b/em2b.cpp	local	lbl_em2b_rodata_308	lbl_em2b_rodata_308
.rodata	0x0000030C	0x4	em2b/em2b.cpp	local	lbl_em2b_rodata_30C	lbl_em2b_rodata_30C
.rodata	0x00000310	0x4	em2b/em2b.cpp	local	lbl_em2b_rodata_310	lbl_em2b_rodata_310
.rodata	0x00000314	0x4	em2b/em2b.cpp	local	lbl_em2b_rodata_314	lbl_em2b_rodata_314
.rodata	0x00000318	0xC	em2b/em2b.cpp	local	lbl_em2b_rodata_318	lbl_em2b_rodata_318
.rodata	0x00000324	0x4	em2b/em2b.cpp	local	lbl_em2b_rodata_324	lbl_em2b_rodata_324
.rodata	0x00000328	0x4	em2b/em2b.cpp	local	lbl_em2b_rodata_328	lbl_em2b_rodata_328
.rodata	0x0000032C	0x4	em2b/em2b.cpp	local	lbl_em2b_rodata_32C	lbl_em2b_rodata_32C
.rodata	0x00000330	0x8	em2b/em2b.cpp	local	lbl_em2b_rodata_330	lbl_em2b_rodata_330
.rodata	0x00000338	0x8	em2b/em2b.cpp	local	lbl_em2b_rodata_338	lbl_em2b_rodata_338
.rodata	0x00000340	0x4	em2b/em2b.cpp	local	lbl_em2b_rodata_340	lbl_em2b_rodata_340
.rodata	0x00000344	0x4	em2b/em2b.cpp	local	lbl_em2b_rodata_344	lbl_em2b_rodata_344
.rodata	0x00000348	0x4	em2b/em2b.cpp	local	lbl_em2b_rodata_348	lbl_em2b_rodata_348
.rodata	0x0000034C	0x4	em2b/em2b.cpp	local	lbl_em2b_rodata_34C	lbl_em2b_rodata_34C
.rodata	0x00000350	0x4	em2b/em2b.cpp	local	lbl_em2b_rodata_350	lbl_em2b_rodata_350
.rodata	0x00000354	0x4	em2b/em2b.cpp	local	lbl_em2b_rodata_354	lbl_em2b_rodata_354
.rodata	0x00000358	0x4	em2b/em2b.cpp	local	lbl_em2b_rodata_358	lbl_em2b_rodata_358
.rodata	0x0000035C	0x4	em2b/em2b.cpp	local	lbl_em2b_rodata_35C	lbl_em2b_rodata_35C
.rodata	0x00000360	0x4	em2b/em2b.cpp	local	lbl_em2b_rodata_360	lbl_em2b_rodata_360
.rodata	0x00000364	0x4	em2b/em2b.cpp	local	lbl_em2b_rodata_364	lbl_em2b_rodata_364
.rodata	0x00000368	0x4	em2b/em2b.cpp	local	lbl_em2b_rodata_368	lbl_em2b_rodata_368
.rodata	0x0000036C	0x4	em2b/em2b.cpp	local	lbl_em2b_rodata_36C	lbl_em2b_rodata_36C
.rodata	0x00000370	0x4	em2b/em2b.cpp	local	lbl_em2b_rodata_370	lbl_em2b_rodata_370
.rodata	0x00000374	0x4	em2b/em2b.cpp	local	lbl_em2b_rodata_374	lbl_em2b_rodata_374
.rodata	0x00000378	0x4	em2b/em2b.cpp	local	lbl_em2b_rodata_378	lbl_em2b_rodata_378
.rodata	0x0000037C	0x4	em2b/em2b.cpp	local	lbl_em2b_rodata_37C	lbl_em2b_rodata_37C
.rodata	0x00000380	0x4	em2b/em2b.cpp	local	lbl_em2b_rodata_380	lbl_em2b_rodata_380
.rodata	0x00000384	0x4	em2b/em2b.cpp	local	lbl_em2b_rodata_384	lbl_em2b_rodata_384
.rodata	0x00000388	0x4	em2b/em2b.cpp	local	lbl_em2b_rodata_388	lbl_em2b_rodata_388
.rodata	0x0000038C	0x4	em2b/em2b.cpp	local	lbl_em2b_rodata_38C	lbl_em2b_rodata_38C
.rodata	0x00000390	0x4	em2b/em2b.cpp	local	lbl_em2b_rodata_390	lbl_em2b_rodata_390
.rodata	0x00000394	0x4	em2b/em2b.cpp	local	lbl_em2b_rodata_394	lbl_em2b_rodata_394
.rodata	0x00000398	0x4	em2b/em2b.cpp	local	lbl_em2b_rodata_398	lbl_em2b_rodata_398
.rodata	0x0000039C	0x4	em2b/em2b.cpp	local	lbl_em2b_rodata_39C	lbl_em2b_rodata_39C
.rodata	0x000003A0	0x4	em2b/em2b.cpp	local	lbl_em2b_rodata_3A0	lbl_em2b_rodata_3A0
.rodata	0x000003A4	0x4	em2b/em2b.cpp	local	lbl_em2b_rodata_3A4	lbl_em2b_rodata_3A4
.rodata	0x000003A8	0x4	em2b/em2b.cpp	local	lbl_em2b_rodata_3A8	lbl_em2b_rodata_3A8
.rodata	0x000003AC	0x4	em2b/em2b.cpp	local	lbl_em2b_rodata_3AC	lbl_em2b_rodata_3AC
.rodata	0x000003B0	0x4	em2b/em2b.cpp	local	lbl_em2b_rodata_3B0	lbl_em2b_rodata_3B0
.rodata	0x000003B4	0x4	em2b/em2b.cpp	local	lbl_em2b_rodata_3B4	lbl_em2b_rodata_3B4
.rodata	0x000003B8	0x4	em2b/em2b.cpp	local	lbl_em2b_rodata_3B8	lbl_em2b_rodata_3B8
.rodata	0x000003BC	0x4	em2b/em2b.cpp	local	lbl_em2b_rodata_3BC	lbl_em2b_rodata_3BC
.rodata	0x000003C0	0x4	em2b/em2b.cpp	local	lbl_em2b_rodata_3C0	lbl_em2b_rodata_3C0
.rodata	0x000003C4	0x4	em2b/em2b.cpp	local	lbl_em2b_rodata_3C4	lbl_em2b_rodata_3C4
.rodata	0x000003C8	0x4	em2b/em2b.cpp	local	lbl_em2b_rodata_3C8	lbl_em2b_rodata_3C8
.rodata	0x000003CC	0x4	em2b/em2b.cpp	local	lbl_em2b_rodata_3CC	lbl_em2b_rodata_3CC
.rodata	0x000003D0	0x4	em2b/em2b.cpp	local	lbl_em2b_rodata_3D0	lbl_em2b_rodata_3D0
.rodata	0x000003D4	0x4	em2b/em2b.cpp	local	lbl_em2b_rodata_3D4	lbl_em2b_rodata_3D4
.rodata	0x000003D8	0x4	em2b/em2b.cpp	local	lbl_em2b_rodata_3D8	lbl_em2b_rodata_3D8
.rodata	0x000003DC	0x4	em2b/em2b.cpp	local	lbl_em2b_rodata_3DC	lbl_em2b_rodata_3DC
.rodata	0x000003E0	0x4	em2b/em2b.cpp	local	lbl_em2b_rodata_3E0	lbl_em2b_rodata_3E0
.rodata	0x000003E4	0x4	em2b/em2b.cpp	local	lbl_em2b_rodata_3E4	lbl_em2b_rodata_3E4
.rodata	0x000003E8	0x4	em2b/em2b.cpp	local	lbl_em2b_rodata_3E8	lbl_em2b_rodata_3E8
.rodata	0x000003EC	0x4	em2b/em2b.cpp	local	lbl_em2b_rodata_3EC	lbl_em2b_rodata_3EC
.rodata	0x000003F0	0x4	em2b/em2b.cpp	local	lbl_em2b_rodata_3F0	lbl_em2b_rodata_3F0
.rodata	0x000003F4	0x4	em2b/em2b.cpp	local	lbl_em2b_rodata_3F4	lbl_em2b_rodata_3F4
.rodata	0x000003F8	0x4	em2b/em2b.cpp	local	lbl_em2b_rodata_3F8	lbl_em2b_rodata_3F8
.rodata	0x000003FC	0x4	em2b/em2b.cpp	local	lbl_em2b_rodata_3FC	lbl_em2b_rodata_3FC
.rodata	0x00000400	0x4	em2b/em2b.cpp	local	lbl_em2b_rodata_400	lbl_em2b_rodata_400
.rodata	0x00000404	0x4	em2b/em2b.cpp	local	lbl_em2b_rodata_404	lbl_em2b_rodata_404
.rodata	0x00000408	0x4	em2b/em2b.cpp	local	lbl_em2b_rodata_408	lbl_em2b_rodata_408
.rodata	0x0000040C	0x4	em2b/em2b.cpp	local	lbl_em2b_rodata_40C	lbl_em2b_rodata_40C
.rodata	0x00000410	0x4	em2b/em2b.cpp	local	lbl_em2b_rodata_410	lbl_em2b_rodata_410
.rodata	0x00000414	0x4	em2b/em2b.cpp	local	lbl_em2b_rodata_414	lbl_em2b_rodata_414
.rodata	0x00000418	0x4	em2b/em2b.cpp	local	lbl_em2b_rodata_418	lbl_em2b_rodata_418
.rodata	0x0000041C	0x4	em2b/em2b.cpp	local	lbl_em2b_rodata_41C	lbl_em2b_rodata_41C
.rodata	0x00000420	0x4	em2b/em2b.cpp	local	lbl_em2b_rodata_420	lbl_em2b_rodata_420
.rodata	0x00000424	0x4	em2b/em2b.cpp	local	lbl_em2b_rodata_424	lbl_em2b_rodata_424
.rodata	0x00000428	0x4	em2b/em2b.cpp	local	lbl_em2b_rodata_428	lbl_em2b_rodata_428
.rodata	0x0000042C	0x4	em2b/em2b.cpp	local	lbl_em2b_rodata_42C	lbl_em2b_rodata_42C
.rodata	0x00000430	0x4	em2b/em2b.cpp	local	lbl_em2b_rodata_430	lbl_em2b_rodata_430
.rodata	0x00000434	0x4	em2b/em2b.cpp	local	lbl_em2b_rodata_434	lbl_em2b_rodata_434
.rodata	0x00000438	0x4	em2b/em2b.cpp	local	lbl_em2b_rodata_438	lbl_em2b_rodata_438
.rodata	0x0000043C	0x4	em2b/em2b.cpp	local	lbl_em2b_rodata_43C	lbl_em2b_rodata_43C
.rodata	0x00000440	0x8	em2b/em2b.cpp	local	lbl_em2b_rodata_440	lbl_em2b_rodata_440
.rodata	0x00000448	0x8	em2b/em2b.cpp	local	lbl_em2b_rodata_448	lbl_em2b_rodata_448
.rodata	0x00000450	0x8	em2b/em2b.cpp	local	lbl_em2b_rodata_450	lbl_em2b_rodata_450
.rodata	0x00000458	0x4	em2b/em2b.cpp	local	lbl_em2b_rodata_458	lbl_em2b_rodata_458
.rodata	0x0000045C	0x4	em2b/em2b.cpp	local	lbl_em2b_rodata_45C	lbl_em2b_rodata_45C
.rodata	0x00000460	0x4	em2b/em2b.cpp	local	lbl_em2b_rodata_460	lbl_em2b_rodata_460
.rodata	0x00000464	0x4	em2b/em2b.cpp	local	lbl_em2b_rodata_464	lbl_em2b_rodata_464
.rodata	0x00000468	0x4	em2b/em2b.cpp	local	lbl_em2b_rodata_468	lbl_em2b_rodata_468
.rodata	0x0000046C	0x4	em2b/em2b.cpp	local	lbl_em2b_rodata_46C	lbl_em2b_rodata_46C
.rodata	0x00000470	0x4	em2b/em2b.cpp	local	lbl_em2b_rodata_470	lbl_em2b_rodata_470
.rodata	0x00000474	0x4	em2b/em2b.cpp	local	lbl_em2b_rodata_474	lbl_em2b_rodata_474
.rodata	0x00000478	0x4	em2b/em2b.cpp	local	lbl_em2b_rodata_478	lbl_em2b_rodata_478
.rodata	0x0000047C	0x4	em2b/em2b.cpp	local	lbl_em2b_rodata_47C	lbl_em2b_rodata_47C
.rodata	0x00000480	0x4	em2b/em2b.cpp	local	lbl_em2b_rodata_480	lbl_em2b_rodata_480
.rodata	0x00000484	0x4	em2b/em2b.cpp	local	lbl_em2b_rodata_484	lbl_em2b_rodata_484
.rodata	0x00000488	0x4	em2b/em2b.cpp	local	lbl_em2b_rodata_488	lbl_em2b_rodata_488
.rodata	0x0000048C	0x4	em2b/em2b.cpp	local	lbl_em2b_rodata_48C	lbl_em2b_rodata_48C
.rodata	0x00000490	0x4	em2b/em2b.cpp	local	lbl_em2b_rodata_490	lbl_em2b_rodata_490
.rodata	0x00000494	0x4	em2b/em2b.cpp	local	lbl_em2b_rodata_494	lbl_em2b_rodata_494
.rodata	0x00000498	0x4	em2b/em2b.cpp	local	lbl_em2b_rodata_498	lbl_em2b_rodata_498
.rodata	0x0000049C	0x4	em2b/em2b.cpp	local	lbl_em2b_rodata_49C	lbl_em2b_rodata_49C
.rodata	0x000004A0	0x4	em2b/em2b.cpp	local	lbl_em2b_rodata_4A0	lbl_em2b_rodata_4A0
.rodata	0x000004A4	0x4	em2b/em2b.cpp	local	lbl_em2b_rodata_4A4	lbl_em2b_rodata_4A4
.rodata	0x000004A8	0x4	em2b/em2b.cpp	local	lbl_em2b_rodata_4A8	lbl_em2b_rodata_4A8
.rodata	0x000004AC	0x4	em2b/em2b.cpp	local	lbl_em2b_rodata_4AC	lbl_em2b_rodata_4AC
.rodata	0x000004B0	0x4	em2b/em2b.cpp	local	lbl_em2b_rodata_4B0	lbl_em2b_rodata_4B0
.rodata	0x000004B4	0x4	em2b/em2b.cpp	local	lbl_em2b_rodata_4B4	lbl_em2b_rodata_4B4
.rodata	0x000004B8	0x4	em2b/em2b.cpp	local	lbl_em2b_rodata_4B8	lbl_em2b_rodata_4B8
.rodata	0x000004BC	0x4	em2b/em2b.cpp	local	lbl_em2b_rodata_4BC	lbl_em2b_rodata_4BC
.rodata	0x000004C0	0x4	em2b/em2b.cpp	local	lbl_em2b_rodata_4C0	lbl_em2b_rodata_4C0
.rodata	0x000004C4	0x4	em2b/em2b.cpp	local	lbl_em2b_rodata_4C4	lbl_em2b_rodata_4C4
.rodata	0x000004C8	0x4	em2b/em2b.cpp	local	lbl_em2b_rodata_4C8	lbl_em2b_rodata_4C8
.rodata	0x000004CC	0x4	em2b/em2b.cpp	local	lbl_em2b_rodata_4CC	lbl_em2b_rodata_4CC
.rodata	0x000004D0	0x4	em2b/em2b.cpp	local	lbl_em2b_rodata_4D0	lbl_em2b_rodata_4D0
.rodata	0x000004D4	0x4	em2b/em2b.cpp	local	lbl_em2b_rodata_4D4	lbl_em2b_rodata_4D4
.rodata	0x000004D8	0x4	em2b/em2b.cpp	local	lbl_em2b_rodata_4D8	lbl_em2b_rodata_4D8
.rodata	0x000004DC	0x4	em2b/em2b.cpp	local	lbl_em2b_rodata_4DC	lbl_em2b_rodata_4DC
.rodata	0x000004E0	0x4	em2b/em2b.cpp	local	lbl_em2b_rodata_4E0	lbl_em2b_rodata_4E0
.rodata	0x000004E4	0x4	em2b/em2b.cpp	local	lbl_em2b_rodata_4E4	lbl_em2b_rodata_4E4
.rodata	0x000004E8	0x4	em2b/em2b.cpp	local	lbl_em2b_rodata_4E8	lbl_em2b_rodata_4E8
.rodata	0x000004EC	0x4	em2b/em2b.cpp	local	lbl_em2b_rodata_4EC	lbl_em2b_rodata_4EC
.rodata	0x000004F0	0x4	em2b/em2b.cpp	local	lbl_em2b_rodata_4F0	lbl_em2b_rodata_4F0
.rodata	0x000004F4	0x4	em2b/em2b.cpp	local	lbl_em2b_rodata_4F4	lbl_em2b_rodata_4F4
.rodata	0x000004F8	0x4	em2b/em2b.cpp	local	lbl_em2b_rodata_4F8	lbl_em2b_rodata_4F8
.rodata	0x000004FC	0x4	em2b/em2b.cpp	local	lbl_em2b_rodata_4FC	lbl_em2b_rodata_4FC
.rodata	0x00000500	0x4	em2b/em2b.cpp	local	lbl_em2b_rodata_500	lbl_em2b_rodata_500
.rodata	0x00000504	0x4	em2b/em2b.cpp	local	lbl_em2b_rodata_504	lbl_em2b_rodata_504
.rodata	0x00000508	0x4	em2b/em2b.cpp	local	lbl_em2b_rodata_508	lbl_em2b_rodata_508
.rodata	0x0000050C	0x4	em2b/em2b.cpp	local	lbl_em2b_rodata_50C	lbl_em2b_rodata_50C
.rodata	0x00000510	0x4	em2b/em2b.cpp	local	lbl_em2b_rodata_510	lbl_em2b_rodata_510
.rodata	0x00000514	0x4	em2b/em2b.cpp	local	lbl_em2b_rodata_514	lbl_em2b_rodata_514
.rodata	0x00000518	0x18	em2b/em2b.cpp	local	lbl_em2b_rodata_518	lbl_em2b_rodata_518
.rodata	0x00000530	0x18	em2b/em2b.cpp	local	lbl_em2b_rodata_530	lbl_em2b_rodata_530
.rodata	0x00000548	0x4	em2b/em2b.cpp	local	lbl_em2b_rodata_548	lbl_em2b_rodata_548
.rodata	0x0000054C	0x4	em2b/em2b.cpp	local	lbl_em2b_rodata_54C	lbl_em2b_rodata_54C
.rodata	0x00000550	0x4	em2b/em2b.cpp	local	lbl_em2b_rodata_550	lbl_em2b_rodata_550
.rodata	0x00000554	0x4	em2b/em2b.cpp	local	lbl_em2b_rodata_554	lbl_em2b_rodata_554
.rodata	0x00000558	0x4	em2b/em2b.cpp	local	lbl_em2b_rodata_558	lbl_em2b_rodata_558
.rodata	0x0000055C	0x4	em2b/em2b.cpp	local	lbl_em2b_rodata_55C	lbl_em2b_rodata_55C
.rodata	0x00000560	0x4	em2b/em2b.cpp	local	lbl_em2b_rodata_560	lbl_em2b_rodata_560
.rodata	0x00000564	0x4	em2b/em2b.cpp	local	lbl_em2b_rodata_564	lbl_em2b_rodata_564
.rodata	0x00000568	0x4	em2b/em2b.cpp	local	lbl_em2b_rodata_568	lbl_em2b_rodata_568
.rodata	0x0000056C	0x4	em2b/em2b.cpp	local	lbl_em2b_rodata_56C	lbl_em2b_rodata_56C
.rodata	0x00000570	0x4	em2b/em2b.cpp	local	lbl_em2b_rodata_570	lbl_em2b_rodata_570
.rodata	0x00000574	0x4	em2b/em2b.cpp	local	lbl_em2b_rodata_574	lbl_em2b_rodata_574
.rodata	0x00000578	0x4	em2b/em2b.cpp	local	lbl_em2b_rodata_578	lbl_em2b_rodata_578
.rodata	0x0000057C	0x4	em2b/em2b.cpp	local	lbl_em2b_rodata_57C	lbl_em2b_rodata_57C
.rodata	0x00000580	0x4	em2b/em2b.cpp	local	lbl_em2b_rodata_580	lbl_em2b_rodata_580
.rodata	0x00000584	0x4	em2b/em2b.cpp	local	lbl_em2b_rodata_584	lbl_em2b_rodata_584
.rodata	0x00000588	0x4	em2b/em2b.cpp	local	lbl_em2b_rodata_588	lbl_em2b_rodata_588
.rodata	0x0000058C	0x4	em2b/em2b.cpp	local	lbl_em2b_rodata_58C	lbl_em2b_rodata_58C
.rodata	0x00000590	0x4	em2b/em2b.cpp	local	lbl_em2b_rodata_590	lbl_em2b_rodata_590
.rodata	0x00000594	0x4	em2b/em2b.cpp	local	lbl_em2b_rodata_594	lbl_em2b_rodata_594
.rodata	0x00000598	0x4	em2b/em2b.cpp	local	lbl_em2b_rodata_598	lbl_em2b_rodata_598
.rodata	0x0000059C	0x4	em2b/em2b.cpp	local	lbl_em2b_rodata_59C	lbl_em2b_rodata_59C
.rodata	0x000005A0	0x4	em2b/em2b.cpp	local	lbl_em2b_rodata_5A0	lbl_em2b_rodata_5A0
.rodata	0x000005A4	0x4	em2b/em2b.cpp	local	lbl_em2b_rodata_5A4	lbl_em2b_rodata_5A4
.rodata	0x000005A8	0x4	em2b/em2b.cpp	local	lbl_em2b_rodata_5A8	lbl_em2b_rodata_5A8
.rodata	0x000005AC	0x4	em2b/em2b.cpp	local	lbl_em2b_rodata_5AC	lbl_em2b_rodata_5AC
.rodata	0x000005B0	0x4	em2b/em2b.cpp	local	lbl_em2b_rodata_5B0	lbl_em2b_rodata_5B0
.rodata	0x000005B4	0x4	em2b/em2b.cpp	local	lbl_em2b_rodata_5B4	lbl_em2b_rodata_5B4
.rodata	0x000005B8	0x4	em2b/em2b.cpp	local	lbl_em2b_rodata_5B8	lbl_em2b_rodata_5B8
.rodata	0x000005BC	0x4	em2b/em2b.cpp	local	lbl_em2b_rodata_5BC	lbl_em2b_rodata_5BC
.rodata	0x000005C0	0x4	em2b/em2b.cpp	local	lbl_em2b_rodata_5C0	lbl_em2b_rodata_5C0
.rodata	0x000005C4	0x4	em2b/em2b.cpp	local	lbl_em2b_rodata_5C4	lbl_em2b_rodata_5C4
.rodata	0x000005C8	0x4	em2b/em2b.cpp	local	lbl_em2b_rodata_5C8	lbl_em2b_rodata_5C8
.rodata	0x000005CC	0x4	em2b/em2b.cpp	local	lbl_em2b_rodata_5CC	lbl_em2b_rodata_5CC
.rodata	0x000005D0	0x4	em2b/em2b.cpp	local	lbl_em2b_rodata_5D0	lbl_em2b_rodata_5D0
.rodata	0x000005D4	0x4	em2b/em2b.cpp	local	lbl_em2b_rodata_5D4	lbl_em2b_rodata_5D4
.rodata	0x000005D8	0x4	em2b/em2b.cpp	local	lbl_em2b_rodata_5D8	lbl_em2b_rodata_5D8
.rodata	0x000005DC	0x4	em2b/em2b.cpp	local	lbl_em2b_rodata_5DC	lbl_em2b_rodata_5DC
.rodata	0x000005E0	0x4	em2b/em2b.cpp	local	lbl_em2b_rodata_5E0	lbl_em2b_rodata_5E0
.rodata	0x000005E4	0x4	em2b/em2b.cpp	local	lbl_em2b_rodata_5E4	lbl_em2b_rodata_5E4
.rodata	0x000005E8	0x4	em2b/em2b.cpp	local	lbl_em2b_rodata_5E8	lbl_em2b_rodata_5E8
.rodata	0x000005EC	0x4	em2b/em2b.cpp	local	lbl_em2b_rodata_5EC	lbl_em2b_rodata_5EC
.rodata	0x000005F0	0x4	em2b/em2b.cpp	local	lbl_em2b_rodata_5F0	lbl_em2b_rodata_5F0
.rodata	0x000005F4	0x4	em2b/em2b.cpp	local	lbl_em2b_rodata_5F4	lbl_em2b_rodata_5F4
.rodata	0x000005F8	0x4	em2b/em2b.cpp	local	lbl_em2b_rodata_5F8	lbl_em2b_rodata_5F8
.rodata	0x000005FC	0x4	em2b/em2b.cpp	local	lbl_em2b_rodata_5FC	lbl_em2b_rodata_5FC
.rodata	0x00000600	0x4	em2b/em2b.cpp	local	lbl_em2b_rodata_600	lbl_em2b_rodata_600
.rodata	0x00000604	0x4	em2b/em2b.cpp	local	lbl_em2b_rodata_604	lbl_em2b_rodata_604
.rodata	0x00000608	0x4	em2b/em2b.cpp	local	lbl_em2b_rodata_608	lbl_em2b_rodata_608
.rodata	0x0000060C	0x4	em2b/em2b.cpp	local	lbl_em2b_rodata_60C	lbl_em2b_rodata_60C
.rodata	0x00000610	0x4	em2b/em2b.cpp	local	lbl_em2b_rodata_610	lbl_em2b_rodata_610
.rodata	0x00000614	0x4	em2b/em2b.cpp	local	lbl_em2b_rodata_614	lbl_em2b_rodata_614
.rodata	0x00000618	0x4	em2b/em2b.cpp	local	lbl_em2b_rodata_618	lbl_em2b_rodata_618
.rodata	0x0000061C	0x4	em2b/em2b.cpp	local	lbl_em2b_rodata_61C	lbl_em2b_rodata_61C
.rodata	0x00000620	0x4	em2b/em2b.cpp	local	lbl_em2b_rodata_620	lbl_em2b_rodata_620
.rodata	0x00000624	0x4	em2b/em2b.cpp	local	lbl_em2b_rodata_624	lbl_em2b_rodata_624
.rodata	0x00000628	0x4	em2b/em2b.cpp	local	lbl_em2b_rodata_628	lbl_em2b_rodata_628
.rodata	0x0000062C	0x4	em2b/em2b.cpp	local	lbl_em2b_rodata_62C	lbl_em2b_rodata_62C
.rodata	0x00000630	0x4	em2b/em2b.cpp	local	lbl_em2b_rodata_630	lbl_em2b_rodata_630
.rodata	0x00000634	0x4	em2b/em2b.cpp	local	lbl_em2b_rodata_634	lbl_em2b_rodata_634
.rodata	0x00000638	0x4	em2b/em2b.cpp	local	lbl_em2b_rodata_638	lbl_em2b_rodata_638
.rodata	0x0000063C	0x4	em2b/em2b.cpp	local	lbl_em2b_rodata_63C	lbl_em2b_rodata_63C
.rodata	0x00000640	0x4	em2b/em2b.cpp	local	lbl_em2b_rodata_640	lbl_em2b_rodata_640
.rodata	0x00000644	0x4	em2b/em2b.cpp	local	lbl_em2b_rodata_644	lbl_em2b_rodata_644
.rodata	0x00000648	0x4	em2b/em2b.cpp	local	lbl_em2b_rodata_648	lbl_em2b_rodata_648
.rodata	0x0000064C	0x4	em2b/em2b.cpp	local	lbl_em2b_rodata_64C	lbl_em2b_rodata_64C
.rodata	0x00000650	0x4	em2b/em2b.cpp	local	lbl_em2b_rodata_650	lbl_em2b_rodata_650
.rodata	0x00000654	0x4	em2b/em2b.cpp	local	lbl_em2b_rodata_654	lbl_em2b_rodata_654
.rodata	0x00000658	0x4	em2b/em2b.cpp	local	lbl_em2b_rodata_658	lbl_em2b_rodata_658
.rodata	0x0000065C	0x4	em2b/em2b.cpp	local	lbl_em2b_rodata_65C	lbl_em2b_rodata_65C
.rodata	0x00000660	0x4	em2b/em2b.cpp	local	lbl_em2b_rodata_660	lbl_em2b_rodata_660
.rodata	0x00000664	0x4	em2b/em2b.cpp	local	lbl_em2b_rodata_664	lbl_em2b_rodata_664
.rodata	0x00000668	0x4	em2b/em2b.cpp	local	lbl_em2b_rodata_668	lbl_em2b_rodata_668
.rodata	0x0000066C	0x4	em2b/em2b.cpp	local	lbl_em2b_rodata_66C	lbl_em2b_rodata_66C
.rodata	0x00000670	0x4	em2b/em2b.cpp	local	lbl_em2b_rodata_670	lbl_em2b_rodata_670
.rodata	0x00000674	0x4	em2b/em2b.cpp	local	lbl_em2b_rodata_674	lbl_em2b_rodata_674
.rodata	0x00000678	0x4	em2b/em2b.cpp	local	lbl_em2b_rodata_678	lbl_em2b_rodata_678
.rodata	0x0000067C	0x4	em2b/em2b.cpp	local	lbl_em2b_rodata_67C	lbl_em2b_rodata_67C
.rodata	0x00000680	0x4	em2b/em2b.cpp	local	lbl_em2b_rodata_680	lbl_em2b_rodata_680
.rodata	0x00000684	0x4	em2b/em2b.cpp	local	lbl_em2b_rodata_684	lbl_em2b_rodata_684
.rodata	0x00000688	0x4	em2b/em2b.cpp	local	lbl_em2b_rodata_688	lbl_em2b_rodata_688
.rodata	0x0000068C	0x4	em2b/em2b.cpp	local	lbl_em2b_rodata_68C	lbl_em2b_rodata_68C
.rodata	0x00000690	0x4	em2b/em2b.cpp	local	lbl_em2b_rodata_690	lbl_em2b_rodata_690
.rodata	0x00000694	0x4	em2b/em2b.cpp	local	lbl_em2b_rodata_694	lbl_em2b_rodata_694
.rodata	0x00000698	0x4	em2b/em2b.cpp	local	lbl_em2b_rodata_698	lbl_em2b_rodata_698
.rodata	0x0000069C	0x4	em2b/em2b.cpp	local	lbl_em2b_rodata_69C	lbl_em2b_rodata_69C
.rodata	0x000006A0	0x4	em2b/em2b.cpp	local	lbl_em2b_rodata_6A0	lbl_em2b_rodata_6A0
.rodata	0x000006A4	0x4	em2b/em2b.cpp	local	lbl_em2b_rodata_6A4	lbl_em2b_rodata_6A4
.rodata	0x000006A8	0x4	em2b/em2b.cpp	local	lbl_em2b_rodata_6A8	lbl_em2b_rodata_6A8
.rodata	0x000006AC	0x4	em2b/em2b.cpp	local	lbl_em2b_rodata_6AC	lbl_em2b_rodata_6AC
.rodata	0x000006B0	0x4	em2b/em2b.cpp	local	lbl_em2b_rodata_6B0	lbl_em2b_rodata_6B0
.rodata	0x000006B4	0x4	em2b/em2b.cpp	local	lbl_em2b_rodata_6B4	lbl_em2b_rodata_6B4
.rodata	0x000006B8	0x4	em2b/em2b.cpp	local	lbl_em2b_rodata_6B8	lbl_em2b_rodata_6B8
.rodata	0x000006BC	0x4	em2b/em2b.cpp	local	lbl_em2b_rodata_6BC	lbl_em2b_rodata_6BC
.rodata	0x000006C0	0x4	em2b/em2b.cpp	local	lbl_em2b_rodata_6C0	lbl_em2b_rodata_6C0
.rodata	0x000006C4	0x4	em2b/em2b.cpp	local	lbl_em2b_rodata_6C4	lbl_em2b_rodata_6C4
.rodata	0x000006C8	0x4	em2b/em2b.cpp	local	lbl_em2b_rodata_6C8	lbl_em2b_rodata_6C8
.rodata	0x000006CC	0x4	em2b/em2b.cpp	local	lbl_em2b_rodata_6CC	lbl_em2b_rodata_6CC
.rodata	0x000006D0	0x4	em2b/em2b.cpp	local	lbl_em2b_rodata_6D0	lbl_em2b_rodata_6D0
.rodata	0x000006D4	0x4	em2b/em2b.cpp	local	lbl_em2b_rodata_6D4	lbl_em2b_rodata_6D4
.rodata	0x000006D8	0x4	em2b/em2b.cpp	local	lbl_em2b_rodata_6D8	lbl_em2b_rodata_6D8
.rodata	0x000006DC	0x4	em2b/em2b.cpp	local	lbl_em2b_rodata_6DC	lbl_em2b_rodata_6DC
.rodata	0x000006E0	0x4	em2b/em2b.cpp	local	lbl_em2b_rodata_6E0	lbl_em2b_rodata_6E0
.rodata	0x000006E4	0x4	em2b/em2b.cpp	local	lbl_em2b_rodata_6E4	lbl_em2b_rodata_6E4
.rodata	0x000006E8	0x4	em2b/em2b.cpp	local	lbl_em2b_rodata_6E8	lbl_em2b_rodata_6E8
.rodata	0x000006EC	0x4	em2b/em2b.cpp	local	lbl_em2b_rodata_6EC	lbl_em2b_rodata_6EC
.rodata	0x000006F0	0x4	em2b/em2b.cpp	local	lbl_em2b_rodata_6F0	lbl_em2b_rodata_6F0
.rodata	0x000006F4	0x4	em2b/em2b.cpp	local	lbl_em2b_rodata_6F4	lbl_em2b_rodata_6F4
.rodata	0x000006F8	0x4	em2b/em2b.cpp	local	lbl_em2b_rodata_6F8	lbl_em2b_rodata_6F8
.rodata	0x000006FC	0x4	em2b/em2b.cpp	local	lbl_em2b_rodata_6FC	lbl_em2b_rodata_6FC
.rodata	0x00000700	0x4	em2b/em2b.cpp	local	lbl_em2b_rodata_700	lbl_em2b_rodata_700
.rodata	0x00000704	0x4	em2b/em2b.cpp	local	lbl_em2b_rodata_704	lbl_em2b_rodata_704
.rodata	0x00000708	0x4	em2b/em2b.cpp	local	lbl_em2b_rodata_708	lbl_em2b_rodata_708
.rodata	0x0000070C	0x4	em2b/em2b.cpp	local	lbl_em2b_rodata_70C	lbl_em2b_rodata_70C
.rodata	0x00000710	0x4	em2b/em2b.cpp	local	lbl_em2b_rodata_710	lbl_em2b_rodata_710
.rodata	0x00000714	0x4	em2b/em2b.cpp	local	lbl_em2b_rodata_714	lbl_em2b_rodata_714
.rodata	0x00000718	0x4	em2b/em2b.cpp	local	lbl_em2b_rodata_718	lbl_em2b_rodata_718
.rodata	0x0000071C	0x4	em2b/em2b.cpp	local	lbl_em2b_rodata_71C	lbl_em2b_rodata_71C
.rodata	0x00000720	0x4	em2b/em2b.cpp	local	lbl_em2b_rodata_720	lbl_em2b_rodata_720
.rodata	0x00000724	0x4	em2b/em2b.cpp	local	lbl_em2b_rodata_724	lbl_em2b_rodata_724
.rodata	0x00000728	0x4	em2b/em2b.cpp	local	lbl_em2b_rodata_728	lbl_em2b_rodata_728
.rodata	0x0000072C	0x4	em2b/em2b.cpp	local	lbl_em2b_rodata_72C	lbl_em2b_rodata_72C
.rodata	0x00000730	0x4	em2b/em2b.cpp	local	lbl_em2b_rodata_730	lbl_em2b_rodata_730
.rodata	0x00000734	0x4	em2b/em2b.cpp	local	lbl_em2b_rodata_734	lbl_em2b_rodata_734
.rodata	0x00000738	0x4	em2b/em2b.cpp	local	lbl_em2b_rodata_738	lbl_em2b_rodata_738
.rodata	0x0000073C	0x4	em2b/em2b.cpp	local	lbl_em2b_rodata_73C	lbl_em2b_rodata_73C
.rodata	0x00000740	0x4	em2b/em2b.cpp	local	lbl_em2b_rodata_740	lbl_em2b_rodata_740
.rodata	0x00000744	0x4	em2b/em2b.cpp	local	lbl_em2b_rodata_744	lbl_em2b_rodata_744
.rodata	0x00000748	0x4	em2b/em2b.cpp	local	lbl_em2b_rodata_748	lbl_em2b_rodata_748
.rodata	0x0000074C	0x4	em2b/em2b.cpp	local	lbl_em2b_rodata_74C	lbl_em2b_rodata_74C
.rodata	0x00000750	0x4	em2b/em2b.cpp	local	lbl_em2b_rodata_750	lbl_em2b_rodata_750
.rodata	0x00000754	0x4	em2b/em2b.cpp	local	lbl_em2b_rodata_754	lbl_em2b_rodata_754
.rodata	0x00000758	0x4	em2b/em2b.cpp	local	lbl_em2b_rodata_758	lbl_em2b_rodata_758
.rodata	0x0000075C	0x4	em2b/em2b.cpp	local	lbl_em2b_rodata_75C	lbl_em2b_rodata_75C
.rodata	0x00000760	0x4	em2b/em2b.cpp	local	lbl_em2b_rodata_760	lbl_em2b_rodata_760
.rodata	0x00000764	0x4	em2b/em2b.cpp	local	lbl_em2b_rodata_764	lbl_em2b_rodata_764
.rodata	0x00000768	0x4	em2b/em2b.cpp	local	lbl_em2b_rodata_768	lbl_em2b_rodata_768
.rodata	0x0000076C	0x4	em2b/em2b.cpp	local	lbl_em2b_rodata_76C	lbl_em2b_rodata_76C
.rodata	0x00000770	0x4	em2b/em2b.cpp	local	lbl_em2b_rodata_770	lbl_em2b_rodata_770
.rodata	0x00000774	0x4	em2b/em2b.cpp	local	lbl_em2b_rodata_774	lbl_em2b_rodata_774
.rodata	0x00000778	0x4	em2b/em2b.cpp	local	lbl_em2b_rodata_778	lbl_em2b_rodata_778
.rodata	0x0000077C	0x4	em2b/em2b.cpp	local	lbl_em2b_rodata_77C	lbl_em2b_rodata_77C
.rodata	0x00000780	0x4	em2b/em2b.cpp	local	lbl_em2b_rodata_780	lbl_em2b_rodata_780
.rodata	0x00000784	0x4	em2b/em2b.cpp	local	lbl_em2b_rodata_784	lbl_em2b_rodata_784
.rodata	0x00000788	0x4	em2b/em2b.cpp	local	lbl_em2b_rodata_788	lbl_em2b_rodata_788
.rodata	0x0000078C	0x4	em2b/em2b.cpp	local	lbl_em2b_rodata_78C	lbl_em2b_rodata_78C
.rodata	0x00000790	0x4	em2b/em2b.cpp	local	lbl_em2b_rodata_790	lbl_em2b_rodata_790
.rodata	0x00000794	0x4	em2b/em2b.cpp	local	lbl_em2b_rodata_794	lbl_em2b_rodata_794
.rodata	0x00000798	0x4	em2b/em2b.cpp	local	lbl_em2b_rodata_798	lbl_em2b_rodata_798
.rodata	0x0000079C	0x4	em2b/em2b.cpp	local	lbl_em2b_rodata_79C	lbl_em2b_rodata_79C
.rodata	0x000007A0	0x4	em2b/em2b.cpp	local	lbl_em2b_rodata_7A0	lbl_em2b_rodata_7A0
.rodata	0x000007A4	0x4	em2b/em2b.cpp	local	lbl_em2b_rodata_7A4	lbl_em2b_rodata_7A4
.rodata	0x000007A8	0x14	em2b/em2b.cpp	local	lbl_em2b_rodata_7A8	lbl_em2b_rodata_7A8
.rodata	0x000007BC	0x4	em2b/em2b.cpp	local	lbl_em2b_rodata_7BC	lbl_em2b_rodata_7BC
.rodata	0x000007C0	0x4	em2b/em2b.cpp	local	lbl_em2b_rodata_7C0	lbl_em2b_rodata_7C0
.rodata	0x000007C4	0x4	em2b/em2b.cpp	local	lbl_em2b_rodata_7C4	lbl_em2b_rodata_7C4
.rodata	0x000007C8	0x4	em2b/em2b.cpp	local	lbl_em2b_rodata_7C8	lbl_em2b_rodata_7C8
.rodata	0x000007CC	0x4	em2b/em2b.cpp	local	lbl_em2b_rodata_7CC	lbl_em2b_rodata_7CC
.rodata	0x000007D0	0x4	em2b/em2b.cpp	local	lbl_em2b_rodata_7D0	lbl_em2b_rodata_7D0
.rodata	0x000007D4	0x4	em2b/em2b.cpp	local	lbl_em2b_rodata_7D4	lbl_em2b_rodata_7D4
.rodata	0x000007D8	0x4	em2b/em2b.cpp	local	lbl_em2b_rodata_7D8	lbl_em2b_rodata_7D8
.rodata	0x000007DC	0x4	em2b/em2b.cpp	local	lbl_em2b_rodata_7DC	lbl_em2b_rodata_7DC
.rodata	0x000007E0	0x4	em2b/em2b.cpp	local	lbl_em2b_rodata_7E0	lbl_em2b_rodata_7E0
.rodata	0x000007E4	0x4	em2b/em2b.cpp	local	lbl_em2b_rodata_7E4	lbl_em2b_rodata_7E4
.rodata	0x000007E8	0x4	em2b/em2b.cpp	local	lbl_em2b_rodata_7E8	lbl_em2b_rodata_7E8
.rodata	0x000007EC	0x4	em2b/em2b.cpp	local	lbl_em2b_rodata_7EC	lbl_em2b_rodata_7EC
.rodata	0x000007F0	0x4	em2b/em2b.cpp	local	lbl_em2b_rodata_7F0	lbl_em2b_rodata_7F0
.rodata	0x000007F4	0x4	em2b/em2b.cpp	local	lbl_em2b_rodata_7F4	lbl_em2b_rodata_7F4
.rodata	0x000007F8	0x4	em2b/em2b.cpp	local	lbl_em2b_rodata_7F8	lbl_em2b_rodata_7F8
.rodata	0x000007FC	0x4	em2b/em2b.cpp	local	lbl_em2b_rodata_7FC	lbl_em2b_rodata_7FC
.rodata	0x00000800	0x4	em2b/em2b.cpp	local	lbl_em2b_rodata_800	lbl_em2b_rodata_800
.rodata	0x00000804	0x4	em2b/em2b.cpp	local	lbl_em2b_rodata_804	lbl_em2b_rodata_804
.rodata	0x00000808	0x4	em2b/em2b.cpp	local	lbl_em2b_rodata_808	lbl_em2b_rodata_808
.rodata	0x0000080C	0x4	em2b/em2b.cpp	local	lbl_em2b_rodata_80C	lbl_em2b_rodata_80C
.rodata	0x00000810	0x4	em2b/em2b.cpp	local	lbl_em2b_rodata_810	lbl_em2b_rodata_810
.rodata	0x00000814	0x4	em2b/em2b.cpp	local	lbl_em2b_rodata_814	lbl_em2b_rodata_814
.rodata	0x00000818	0x4	em2b/em2b.cpp	local	lbl_em2b_rodata_818	lbl_em2b_rodata_818
.rodata	0x0000081C	0x4	em2b/em2b.cpp	local	lbl_em2b_rodata_81C	lbl_em2b_rodata_81C
.rodata	0x00000820	0x4	em2b/em2b.cpp	local	lbl_em2b_rodata_820	lbl_em2b_rodata_820
.rodata	0x00000824	0x4	em2b/em2b.cpp	local	lbl_em2b_rodata_824	lbl_em2b_rodata_824
.rodata	0x00000828	0x4	em2b/em2b.cpp	local	lbl_em2b_rodata_828	lbl_em2b_rodata_828
.rodata	0x0000082C	0x4	em2b/em2b.cpp	local	lbl_em2b_rodata_82C	lbl_em2b_rodata_82C
.rodata	0x00000830	0x4	em2b/em2b.cpp	local	lbl_em2b_rodata_830	lbl_em2b_rodata_830
.rodata	0x00000834	0x4	em2b/em2b.cpp	local	lbl_em2b_rodata_834	lbl_em2b_rodata_834
.rodata	0x00000838	0x4	em2b/em2b.cpp	local	lbl_em2b_rodata_838	lbl_em2b_rodata_838
.rodata	0x0000083C	0x4	em2b/em2b.cpp	local	lbl_em2b_rodata_83C	lbl_em2b_rodata_83C
.rodata	0x00000840	0x4	em2b/em2b.cpp	local	lbl_em2b_rodata_840	lbl_em2b_rodata_840
.rodata	0x00000844	0x4	em2b/em2b.cpp	local	lbl_em2b_rodata_844	lbl_em2b_rodata_844
.rodata	0x00000848	0x4	em2b/em2b.cpp	local	lbl_em2b_rodata_848	lbl_em2b_rodata_848
.rodata	0x0000084C	0x4	em2b/em2b.cpp	local	lbl_em2b_rodata_84C	lbl_em2b_rodata_84C
.rodata	0x00000850	0x4	em2b/em2b.cpp	local	lbl_em2b_rodata_850	lbl_em2b_rodata_850
.rodata	0x00000854	0x4	em2b/em2b.cpp	local	lbl_em2b_rodata_854	lbl_em2b_rodata_854
.rodata	0x00000858	0x4	em2b/em2b.cpp	local	lbl_em2b_rodata_858	lbl_em2b_rodata_858
.rodata	0x0000085C	0x4	em2b/em2b.cpp	local	lbl_em2b_rodata_85C	lbl_em2b_rodata_85C
.rodata	0x00000860	0x4	em2b/em2b.cpp	local	lbl_em2b_rodata_860	lbl_em2b_rodata_860
.rodata	0x00000864	0x4	em2b/em2b.cpp	local	lbl_em2b_rodata_864	lbl_em2b_rodata_864
.rodata	0x00000868	0x4	em2b/em2b.cpp	local	lbl_em2b_rodata_868	lbl_em2b_rodata_868
.rodata	0x0000086C	0x4	em2b/em2b.cpp	local	lbl_em2b_rodata_86C	lbl_em2b_rodata_86C
.rodata	0x00000870	0x4	em2b/em2b.cpp	local	lbl_em2b_rodata_870	lbl_em2b_rodata_870
.rodata	0x00000874	0x4	em2b/em2b.cpp	local	lbl_em2b_rodata_874	lbl_em2b_rodata_874
.rodata	0x00000878	0x4	em2b/em2b.cpp	local	lbl_em2b_rodata_878	lbl_em2b_rodata_878
.rodata	0x0000087C	0x4	em2b/em2b.cpp	local	lbl_em2b_rodata_87C	lbl_em2b_rodata_87C
.rodata	0x00000880	0x4	em2b/em2b.cpp	local	lbl_em2b_rodata_880	lbl_em2b_rodata_880
.rodata	0x00000884	0x4	em2b/em2b.cpp	local	lbl_em2b_rodata_884	lbl_em2b_rodata_884
.rodata	0x00000888	0x4	em2b/em2b.cpp	local	lbl_em2b_rodata_888	lbl_em2b_rodata_888
.rodata	0x0000088C	0x4	em2b/em2b.cpp	local	lbl_em2b_rodata_88C	lbl_em2b_rodata_88C
.rodata	0x00000890	0x4	em2b/em2b.cpp	local	lbl_em2b_rodata_890	lbl_em2b_rodata_890
.rodata	0x00000894	0x4	em2b/em2b.cpp	local	lbl_em2b_rodata_894	lbl_em2b_rodata_894
.rodata	0x00000898	0x4	em2b/em2b.cpp	local	lbl_em2b_rodata_898	lbl_em2b_rodata_898
.rodata	0x0000089C	0x4	em2b/em2b.cpp	local	lbl_em2b_rodata_89C	lbl_em2b_rodata_89C
.rodata	0x000008A0	0x4	em2b/em2b.cpp	local	lbl_em2b_rodata_8A0	lbl_em2b_rodata_8A0
.rodata	0x000008A4	0x4	em2b/em2b.cpp	local	lbl_em2b_rodata_8A4	lbl_em2b_rodata_8A4
.rodata	0x000008A8	0x4	em2b/em2b.cpp	local	lbl_em2b_rodata_8A8	lbl_em2b_rodata_8A8
.rodata	0x000008AC	0x4	em2b/em2b.cpp	local	lbl_em2b_rodata_8AC	lbl_em2b_rodata_8AC
.rodata	0x000008B0	0x4	em2b/em2b.cpp	local	lbl_em2b_rodata_8B0	lbl_em2b_rodata_8B0
.rodata	0x000008B4	0x4	em2b/em2b.cpp	local	lbl_em2b_rodata_8B4	lbl_em2b_rodata_8B4
.rodata	0x000008B8	0x4	em2b/em2b.cpp	local	lbl_em2b_rodata_8B8	lbl_em2b_rodata_8B8
.rodata	0x000008BC	0x4	em2b/em2b.cpp	local	lbl_em2b_rodata_8BC	lbl_em2b_rodata_8BC
.rodata	0x000008C0	0x4	em2b/em2b.cpp	local	lbl_em2b_rodata_8C0	lbl_em2b_rodata_8C0
.rodata	0x000008C4	0x4	em2b/em2b.cpp	local	lbl_em2b_rodata_8C4	lbl_em2b_rodata_8C4
.rodata	0x000008C8	0x4	em2b/em2b.cpp	local	lbl_em2b_rodata_8C8	lbl_em2b_rodata_8C8
.rodata	0x000008CC	0x4	em2b/em2b.cpp	local	lbl_em2b_rodata_8CC	lbl_em2b_rodata_8CC
.rodata	0x000008D0	0x4	em2b/em2b.cpp	local	lbl_em2b_rodata_8D0	lbl_em2b_rodata_8D0
.rodata	0x000008D4	0x4	em2b/em2b.cpp	local	lbl_em2b_rodata_8D4	lbl_em2b_rodata_8D4
.rodata	0x000008D8	0x4	em2b/em2b.cpp	local	lbl_em2b_rodata_8D8	lbl_em2b_rodata_8D8
.rodata	0x000008DC	0x4	em2b/em2b.cpp	local	lbl_em2b_rodata_8DC	lbl_em2b_rodata_8DC
.rodata	0x000008E0	0x2C	em2b/em2b.cpp	local	lbl_em2b_rodata_8E0	lbl_em2b_rodata_8E0
.rodata	0x0000090C	0x28	em2b/em2b.cpp	local	lbl_em2b_rodata_90C	lbl_em2b_rodata_90C
.rodata	0x00000934	0x28	em2b/em2b.cpp	local	lbl_em2b_rodata_934	lbl_em2b_rodata_934
.rodata	0x0000095C	0x38	em2b/em2b.cpp	local	lbl_em2b_rodata_95C	lbl_em2b_rodata_95C
.rodata	0x00000994	0x44	em2b/em2b.cpp	local	lbl_em2b_rodata_994	lbl_em2b_rodata_994
.rodata	0x000009D8	0x80	em2b/em2b.cpp	global	_vt.5cEm2b	_vt.5cEm2b
.rodata	0x00000A58	0x28	em2b/em2b.cpp	global	_vt.5cUnit	_vt.5cUnit
.data	0x00000000	0x10	em2b/em2b.cpp	global	Em2b_R0_move_tbl	Em2b_R0_move_tbl
.data	0x00000010	0x60	em2b/em2b.cpp	local	Em2b_R1_move_tbl	Em2b_R1_move_tbl
.data	0x00000070	0x1C	em2b/em2b.cpp	local	Em2b_R1_dm_tbl	Em2b_R1_dm_tbl
.data	0x0000008C	0x10	em2b/em2b.cpp	local	Em2b_R1_die_tbl	Em2b_R1_die_tbl
.data	0x0000009C	0xB4	em2b/em2b.cpp	local	em2b_xflip_tbl	em2b_xflip_tbl
.data	0x00000150	0x70	em2b/em2b.cpp	local	em2b_atk_info	em2b_atk_info
.data	0x000001C0	0xC	em2b/em2b.cpp	global	em2b_r11e_pos	em2b_r11e_pos
.data	0x000001CC	0x4	em2b/em2b.cpp	local	em2bCatchObj	em2bCatchObj
.data	0x000001D0	0xC	em2b/em2b.cpp	local	em2b_cloth_parts	em2b_cloth_parts
.data	0x000001DC	0xC	em2b/em2b.cpp	local	em2b_cloth_up	em2b_cloth_up
.data	0x000001E8	0xC	em2b/em2b.cpp	local	em2b_cloth_down	em2b_cloth_down
.data	0x000001F4	0xC	em2b/em2b.cpp	local	em2b_cloth_side	em2b_cloth_side
.data	0x00000200	0x28	em2b/em2b.cpp	local	em2b_cloth_max	em2b_cloth_max
.data	0x00000228	0x28	em2b/em2b.cpp	local	em2b_cloth_rate	em2b_cloth_rate
.data	0x00000250	0x48	em2b/em2b.cpp	global	em2b_cloth_at	em2b_cloth_at
.data	0x00000298	0x8	em2b/em2b.cpp	local	em2b_rope_parts	em2b_rope_parts
.data	0x000002A0	0x8	em2b/em2b.cpp	local	em2b_rope_up	em2b_rope_up
.data	0x000002A8	0x8	em2b/em2b.cpp	local	em2b_rope_down	em2b_rope_down
.data	0x000002B0	0xB4	em2b/em2b.cpp	global	em2b_rope_at	em2b_rope_at
.data	0x00000364	0x8	em2b/em2b.cpp	local	em2b_chain_parts	em2b_chain_parts
.data	0x0000036C	0x8	em2b/em2b.cpp	local	em2b_chain_up	em2b_chain_up
.data	0x00000374	0x8	em2b/em2b.cpp	local	em2b_chain_down	em2b_chain_down
.data	0x0000037C	0xB4	em2b/em2b.cpp	global	em2b_chain_at	em2b_chain_at
.data	0x00000430	0xB4	em2b/em2b.cpp	global	em2b_chain_at2	em2b_chain_at2
.bss	0x00000000	0x34	em2b/em2b.cpp	global	common_em2b	common_em2b
